id,name,text,image,set,number,color,type,trigger
BT01-001,レッドフード,,https://lh3.googleusercontent.com/d/1ZXkW8Kg35waX2ZIpl6hrQWqozVJ5LiSn,BT01,1,赤,LEADER,
BT01-002,ネオン-プリングバレット,,https://lh3.googleusercontent.com/d/1nt0qGOuVonOffyJHIP4qHNTNG05oxRMk,BT01,2,赤,UNIT,
BT01-003,クロウ,,https://lh3.googleusercontent.com/d/1gwKv3AcEYVTi9fOhjchIR-IArX2OxqGG,BT01,3,赤,UNIT,
BT01-004,ノイズ-クラシックディーバ,,https://lh3.googleusercontent.com/d/1nXfWpfiE-4TphaEgD0EgzS5O4DhIPrM3,BT01,4,赤,UNIT,
BT01-005,ラピ-クラシックバカンス,,https://lh3.googleusercontent.com/d/10NvPIDiZXqmvEjfvVGvjZvL8vMgzG8ff,BT01,5,赤,UNIT,
BT01-006,アニス：スパークリングサマー,,https://lh3.googleusercontent.com/d/1_kk4jrlNr1SW9HrpIHxaPZ92f0DmJTjX,BT01,6,赤,UNIT,TRIGGER
BT01-007,クレイ,,https://lh3.googleusercontent.com/d/12PPIRiUy4fU0LlQBndixpKF87HB4HSRB,BT01,7,赤,UNIT,
BT01-008,ボリューム,,https://lh3.googleusercontent.com/d/1YhwOscVtkllcw6y8evAwGkf8MROZlSpA,BT01,8,赤,UNIT,
BT01-009,ベイ,,https://lh3.googleusercontent.com/d/1KaZSk6B3T3wOOabxTUPPUX_ZPaWf8HMK,BT01,9,赤,UNIT,
BT01-010,アリア,,https://lh3.googleusercontent.com/d/1LoJr7ZUVKg7PZka_FK4Vy6pBBrK75tnJ,BT01,10,赤,UNIT,
BT01-011,ネオン：ブルーオーシャン,,https://lh3.googleusercontent.com/d/15NAliVvA2tlg8rMgh2iivc_Q34acZEpW,BT01,11,赤,UNIT,
BT01-012,エマ‐ダーリンレッド,,https://lh3.googleusercontent.com/d/1-9r_MFjrpiDNKSKgJ4tUO9_YolLnhasj,BT01,12,赤,UNIT,
BT01-013,ジャッカル,,https://lh3.googleusercontent.com/d/1qfLWLzqWqHiZ8Muz4WlX8xd0pSNswPj_,BT01,13,赤,UNIT,
BT01-014,紅蓮：ブラックシャドウ,,https://lh3.googleusercontent.com/d/16hauQZGMaLzLtDYHdE-8AUr2xLr2OdCn,BT01,14,赤,UNIT,TRIGGER
BT01-015,ノワール‐ブラックラビット,,https://lh3.googleusercontent.com/d/1DgvFW44FP-sXMCG1_mSTZ3bBp_AJnwq2,BT01,15,赤,UNIT,
BT01-016,スノーホワイト：イノセントデイズ,,https://lh3.googleusercontent.com/d/1vi0afmMW45CTVWee6LW4qPlRV6a9DSRm,BT01,16,赤,UNIT,
BT01-017,バイパー‐シャイン・オブ・ラブ,,https://lh3.googleusercontent.com/d/1jwEEW_6MVef_PtL_5syapCgvyjqmBVF7,BT01,17,赤,UNIT,
BT01-018,ブラン‐ホワイトラビット,,https://lh3.googleusercontent.com/d/1DARidRI0gGpruofpQxghVkIvn1tpg53m,BT01,18,赤,UNIT,
BT01-019,レッドフード,,https://lh3.googleusercontent.com/d/1ioWD0ngl72g71Mj8liR8fyuem64aacSH,BT01,19,赤,UNIT,TRIGGER
BT01-020,ワイルドトゥース,,https://lh3.googleusercontent.com/d/17ffC5dHosAKJOzwHSDwnLNnFRCUBICbX,BT01,20,赤,SKILL,
BT01-021,フォーメーションＦ．Ｆ,,https://lh3.googleusercontent.com/d/1SHienBVTCnkFsQs_-_G6uR-AWsFrv8qA,BT01,21,赤,SKILL,
BT01-022,圧倒,,https://lh3.googleusercontent.com/d/1vFjKNzCS16b_NtAH-YVfAakOFz3sty3w,BT01,22,赤,SKILL,
BT01-023,チアアップトゥギャザー,,https://lh3.googleusercontent.com/d/1T66sAox6jQG-UI0oNb2nSmoJPrRFTH67,BT01,23,赤,SKILL,
BT01-024,フィナーレ,,https://lh3.googleusercontent.com/d/1TnYUfnJ9JldnfXxKe0Ya08QztCb4ralo,BT01,24,赤,SKILL,
BT01-025,合流,,https://lh3.googleusercontent.com/d/1XOS9kRnh6zIgN_faELMcCUGXLmJg8oTq,BT01,25,赤,SKILL,
BT01-026,ガッデシアムグローブ,,https://lh3.googleusercontent.com/d/1k2I_7KBekOd95SxRIvvnbKxE7oiMeXNf,BT01,26,赤,ITEM,TRIGGER
BT01-027,ノルンコードゴーグル,,https://lh3.googleusercontent.com/d/1azCKw5Z-KQmunNvWdNPwaXnEH5DeokQ0,BT01,27,赤,ITEM,
BT01-028,紅蓮,,https://lh3.googleusercontent.com/d/1h5RM8fMZZMTGhebXgeGyNEjU8zT49Ue4,BT01,28,緑,LEADER,
BT01-029,ベロータ,,https://lh3.googleusercontent.com/d/14WEX-wXFxLC2deJNRiMaVzVRmC_5EU5M,BT01,29,緑,UNIT,
BT01-030,ミカ：スノーバディ,,https://lh3.googleusercontent.com/d/1KgiJQVC_vmQ6GLpUHbvyJ6i1II3n2Y3T,BT01,30,緑,UNIT,
BT01-031,エヌ：ミラクルフェアリー,,https://lh3.googleusercontent.com/d/1oPyl9fTQo5uXz3iYlKG9QzLFFPZPcxvU,BT01,31,緑,UNIT,
BT01-032,シン,,https://lh3.googleusercontent.com/d/1RG1yRR2nlKY4K09tMUI8qeI07Zz8Z8jx,BT01,32,緑,UNIT,
BT01-033,ドラー：ダークローズ,,https://lh3.googleusercontent.com/d/1vfArBlNoPXvXXbCVvlyZCReS4fRzsjr_,BT01,33,緑,UNIT,
BT01-034,ギルティ‐ディスビリーフウェーブ,,https://lh3.googleusercontent.com/d/1rnH9s4C8vaEfW-sqLh5Tg9t4zFHLL27u,BT01,34,緑,UNIT,TRIGGER
BT01-035,ソリン,,https://lh3.googleusercontent.com/d/19nUJ6gn33HlBY-3l7mAxd4djEzSTaBTN,BT01,35,緑,UNIT,
BT01-036,クエンシー,,https://lh3.googleusercontent.com/d/1FBI1XFXPhz-mkK1r6peGMLdkhuh7P2xE,BT01,36,緑,UNIT,
BT01-037,デーゼル‐ミッドナイト・ストロベリー,,https://lh3.googleusercontent.com/d/1ODZRJz_709CUC5Rf805zS9RSf0NI7Mzy,BT01,37,緑,UNIT,
BT01-038,ルピー,,https://lh3.googleusercontent.com/d/1OvSgW1KagjtX5K4nF1Ywv8PK0LvrHA8L,BT01,38,緑,UNIT,
BT01-039,スノーホワイト‐ホワイトナイト,,https://lh3.googleusercontent.com/d/1Um59B3zNBOXOt01COQwaAvCWAggCw9iC,BT01,39,緑,UNIT,
BT01-040,ルピー - ウィンターショッパー,,https://lh3.googleusercontent.com/d/1UzyVRI9AebPgcW3ztKwvBtVZ9IODCTEi,BT01,40,緑,UNIT,
BT01-041,ヤン,,https://lh3.googleusercontent.com/d/1_oMRQ7OasC6RuJ9BJVrhYLaWtFaUssJL,BT01,41,緑,UNIT,
BT01-042,ナガ,,https://lh3.googleusercontent.com/d/1kUGvloWDsf59wiDTvfTUOsWN8CFZv72V,BT01,42,緑,UNIT,
BT01-043,ティア,,https://lh3.googleusercontent.com/d/1kdBawBIP3J6BpI_3fc0fx_hSQ0IJYAHA,BT01,43,緑,UNIT,
BT01-044,ラプンツェル,,https://lh3.googleusercontent.com/d/1R8s1n7x4VRyFdzU1nHwnxHdhqwTZXw0D,BT01,44,緑,UNIT,TRIGGER
BT01-045,ブリッド‐ブラックムーン,,https://lh3.googleusercontent.com/d/196wNRqZwHKeq7p9kdP1PaJbWU0E3L3eS,BT01,45,緑,UNIT,
BT01-046,紅蓮,,https://lh3.googleusercontent.com/d/1RFrPapJvgIcrT-GMzd8FUwi4_xflGq4D,BT01,46,緑,UNIT,TRIGGER
BT01-047,純白の意思,,https://lh3.googleusercontent.com/d/1fWf_JHXJQVJEiWo_wKUU9j4BbVdNFDZj,BT01,47,緑,SKILL,
BT01-048,青い蝶の夢,,https://lh3.googleusercontent.com/d/1aHCZGF6vQl4bKEtuP50mNmvivFHCOTSS,BT01,48,緑,SKILL,
BT01-049,デザートタイム,,https://lh3.googleusercontent.com/d/1TprHsNHxkQCi0Yqv_YbYEQ2BmQaGOBVH,BT01,49,緑,SKILL,
BT01-050,雪見温泉祭り,,https://lh3.googleusercontent.com/d/1IMiFkNsDb6dAnYKd11d16jT1CEDzvph8,BT01,50,緑,SKILL,
BT01-051,VIPギフト,,https://lh3.googleusercontent.com/d/1M_plgLNqqE-EBhzNw_wuMng_D7HUJfSI,BT01,51,緑,SKILL,TRIGGER
BT01-052,真剣合一,,https://lh3.googleusercontent.com/d/16Wk6wkHdazDWkHH_70h7JJGG4tDZDgt0,BT01,52,緑,SKILL,
BT01-053,ガッデシアムプロテクター,,https://lh3.googleusercontent.com/d/128ZaBXmjAYoy93eZwqvhxNS57ZouHpM-,BT01,53,緑,ITEM,
BT01-054,アトラスパターンガントレット,,https://lh3.googleusercontent.com/d/1oluOiOjWMpM4x0QFO4ErIp2-A7daHymi,BT01,54,緑,ITEM,
BT01-055,シンデレラ,,https://lh3.googleusercontent.com/d/1CnksRQoI93LM5eNTXE75p4NunZ_Wuuml,BT01,55,紫,LEADER,
BT01-056,エーテル,,https://lh3.googleusercontent.com/d/1QqDL1CMiy7VotsO2cjCHxL362pq4ryVH,BT01,56,紫,UNIT,
BT01-057,ミハラ,,https://lh3.googleusercontent.com/d/1jxH7rHJZFMERTkwoc332xmCRn4Bm1luB,BT01,57,紫,UNIT,
BT01-058,メイデン‐シークレットナース,,https://lh3.googleusercontent.com/d/1YftTviPkbjCy5n6gXow7_pXcGz-pCT7k,BT01,58,紫,UNIT,
BT01-059,シグナル,,https://lh3.googleusercontent.com/d/1kDt7KprXlWq-wi91OlQJsJRvb4HXdgFq,BT01,59,紫,UNIT,
BT01-060,アドミ,,https://lh3.googleusercontent.com/d/1ospmRPzp5IYzrzcLUNEeIIIZRsYCg67d,BT01,60,紫,UNIT,
BT01-061,サクラ：ブルーム・イン・サマー,,https://lh3.googleusercontent.com/d/1OR-SFqn4ZY3EWb7T1U6Onp33rFHjBkVP,BT01,61,紫,UNIT,
BT01-062,ユニ‐ラブリーピンク,,https://lh3.googleusercontent.com/d/1eCorQxy-eAYROUIrf0v-k9V1xiygI1lV,BT01,62,紫,UNIT,
BT01-063,エクシア‐ゲーマーズ,,https://lh3.googleusercontent.com/d/1s7zgN0AH1L60rcyHvPOrtQpXOfgNklxD,BT01,63,紫,UNIT,
BT01-064,プリバティ‐バンケット・プリンセス,,https://lh3.googleusercontent.com/d/1rNEv2SuScLBVsoTzXQ_xKPJb-HBmVLU3,BT01,64,紫,UNIT,
BT01-065,ユルハ,,https://lh3.googleusercontent.com/d/158_jX26j7E8ScEeQlpI946OTmRm8cR-B,BT01,65,紫,UNIT,
BT01-066,ノベル‐ペンギンホームズ,,https://lh3.googleusercontent.com/d/1uxuUgqN5rF9Azw756uPeMKVh972Ucau0,BT01,66,紫,UNIT,
BT01-067,モラン,,https://lh3.googleusercontent.com/d/1gpdHdOYD5Z6F9i90AbY8Eyzs3ofZJHXb,BT01,67,紫,UNIT,
BT01-068,D：キラーワイフ,,https://lh3.googleusercontent.com/d/1WEsIEsge4Bmnvw1HByk4zVjnHh7WIsdr,BT01,68,紫,UNIT,
BT01-069,ニヒリスター,,https://lh3.googleusercontent.com/d/12KFYMtkdAUZJFU3opECPi5tJHkwXWLmQ,BT01,69,紫,UNIT,
BT01-070,ギロチン,,https://lh3.googleusercontent.com/d/1szSo5BUSDugfn-6yoW7flVqlcFaAkJnl,BT01,70,紫,UNIT,
BT01-071,ロザンナ：シックオーシャン,,https://lh3.googleusercontent.com/d/1Y-tOlPttUcZxF_Cmj2ZNjOt-eY2DCYUI,BT01,71,紫,UNIT,TRIGGER
BT01-072,モダニア‐セカンド・アフェクション,,https://lh3.googleusercontent.com/d/1KvYDNPqRWehSik-3IlkNKeqN72iqMxHc,BT01,72,紫,UNIT,
BT01-073,シンデレラ,,https://lh3.googleusercontent.com/d/1QDFn2__DLt4W8T6-JwFxxIEBddsgF0mR,BT01,73,紫,UNIT,TRIGGER
BT01-074,シークレットコード,,https://lh3.googleusercontent.com/d/1to2Q7PvWBk_OGHB2cewdtAipdEjSItDK,BT01,74,紫,SKILL,
BT01-075,パーニングショット,,https://lh3.googleusercontent.com/d/1QzQH5_8pxPfNDHD6VyM_ynI0YeIyJ9_c,BT01,75,紫,SKILL,TRIGGER
BT01-076,魔界黒龍波,,https://lh3.googleusercontent.com/d/1Mpl4A8prxZ8qX1u8_YM_-8Wm7zNpxUHf,BT01,76,紫,SKILL,
BT01-077,ここは俺に任せろ！,,https://lh3.googleusercontent.com/d/1P8VGezJfvF_4chr5CW-W6nsBpFBlVn3Y,BT01,77,紫,SKILL,
BT01-078,ビューティーフルショット,,https://lh3.googleusercontent.com/d/1Putp1jAw086zEVhZDbVL-HxpL5B8eYze,BT01,78,紫,SKILL,TRIGGER
BT01-079,EXマガジン,,https://lh3.googleusercontent.com/d/1FDTlawlfE1KaNhdZG8jUrWFpuewiKaz0,BT01,79,紫,SKILL,
BT01-080,ガッデシアムバイザー,,https://lh3.googleusercontent.com/d/1z_3YRwG1M4QtVO0_TBczQrQKeOwZ3N2c,BT01,80,紫,ITEM,
BT01-081,チタンマターブーツ,,https://lh3.googleusercontent.com/d/1CNhHTZm-_TV59BOaZeLY885SeCk-qzTe,BT01,81,紫,ITEM,
BT02-001,ボリューム,,https://lh3.googleusercontent.com/d/1mGp-oULkpDUPMOxNw_QRsyE5RlOSru6p,BT02,1,赤,UNIT,
BT02-002,エマ,,https://lh3.googleusercontent.com/d/1vDPenSrRwe-emrmtqfGcFt6t39rMKboF,BT02,2,赤,UNIT,
BT02-003,レッドフード,,https://lh3.googleusercontent.com/d/1bz3FDEGlKWArEHawJTEejz5untA_qFzY,BT02,3,赤,UNIT,TRIGGER
BT02-004,ルージュ,,https://lh3.googleusercontent.com/d/1pAdfGg572YZ2iFGj5wdghfCJMPoxZgSg,BT02,4,赤,UNIT,
BT02-005,ラプンツェル,,https://lh3.googleusercontent.com/d/1WCO6GiqhSv2nBYS2iE4GzwjSQcUmqDHd,BT02,5,赤,UNIT,
BT02-006,バイパー,,https://lh3.googleusercontent.com/d/19ed-2tM4CTa9747jt1JS2HM-fVxYUNc8,BT02,6,赤,UNIT,
BT02-007,グレアリングアイズ,,https://lh3.googleusercontent.com/d/1-EJDZdiM0s5RbD2yRBQnuRjeBU70wqQd,BT02,7,赤,SKILL,
BT02-008,ザ・ゲームマスター,,https://lh3.googleusercontent.com/d/1z2AVFx4WxNzgRnt18mCHyiDQipzzV7D5,BT02,8,赤,SKILL,
BT02-009,ガッデシアムゲイター,,https://lh3.googleusercontent.com/d/1oP5yGrHvWhYWsp_wf5NBPJwz1G45khEn,BT02,9,赤,ITEM,TRIGGER
BT02-010,ディーゼル,,https://lh3.googleusercontent.com/d/1eWUcgesCX2I6tJBc4BRl8_bDimEexgLy,BT02,10,緑,UNIT,
BT02-011,マルチャーナ,,https://lh3.googleusercontent.com/d/1WQrmEY_xWPbc2_Mn3tZCeYqpawdeYEIO,BT02,11,緑,UNIT,TRIGGER
BT02-012,ルピー,,https://lh3.googleusercontent.com/d/19E22lpKIXmNvNEDL3fWWai7Kugy4PA9d,BT02,12,緑,UNIT,TRIGGER
BT02-013,ティア,,https://lh3.googleusercontent.com/d/1R3IF_hCincn4ueAcUicoNCkUcgdjACWc,BT02,13,緑,UNIT,
BT02-014,クエンシー,,https://lh3.googleusercontent.com/d/1FIB9G7viV8S59YHPqkvV3uswMJMqSRqu,BT02,14,緑,UNIT,
BT02-015,イチゴの香りの誘惑,,https://lh3.googleusercontent.com/d/1LXHhYHXBvktrI9nHV2yYb0UQ1iIMrs23,BT02,15,緑,SKILL,
BT02-016,素晴らしき大泥棒,,https://lh3.googleusercontent.com/d/1UwscGa6Ncjx5wbaoZQqRZPM_GXUfwVe_,BT02,16,緑,SKILL,
BT02-017,保健室の先生,,https://lh3.googleusercontent.com/d/1z62pPKFv73GhKD-tmAG2MMs7S-h8gELS,BT02,17,緑,SKILL,
BT02-018,アトラスパターンヘルメット,,https://lh3.googleusercontent.com/d/1OMee2HjkY4FVRS-fLDwIu4vD8_us5q6K,BT02,18,緑,ITEM,
BT02-019,メイデン,,https://lh3.googleusercontent.com/d/1u_y2LDKAQMe0E29Swo-ctQuSRPjp1VRV,BT02,19,紫,UNIT,
BT02-020,ギロチン,,https://lh3.googleusercontent.com/d/1X0Jo8wzTsGeRIkRQQXnsetgxzJfQkBPz,BT02,20,紫,UNIT,
BT02-021,モダニア,,https://lh3.googleusercontent.com/d/1uU81qh37XS3ccc4DggCyq7oHnlQnMAv_,BT02,21,紫,UNIT,
BT02-022,グレイヴ,,https://lh3.googleusercontent.com/d/1zgYXrp8a7oFnOYFEHcqkHl0K6Psqgahm,BT02,22,紫,UNIT,TRIGGER
BT02-023,ファントム,,https://lh3.googleusercontent.com/d/1BOFE0n04CrLRfnsLrSPVih-p_cZhKOrM,BT02,23,紫,UNIT,
BT02-024,プリバティ,,https://lh3.googleusercontent.com/d/1hEiB5bFGogvyVnDWxOgCnKo1k4a0Tu6T,BT02,24,紫,UNIT,
BT02-025,ライターズ,,https://lh3.googleusercontent.com/d/1Lxp2kO8EBullBfC029tFDzZbEsDr9moH,BT02,25,紫,SKILL,TRIGGER
BT02-026,新世界,,https://lh3.googleusercontent.com/d/1GG_9tPb-e9Q6-mvCveSwqajskJpb64Q_,BT02,26,紫,SKILL,
BT02-027,マタータイプαアームガード,,https://lh3.googleusercontent.com/d/1MRL1tJvFS-C7IufGymT2BzH_PnWwARcI,BT02,27,紫,ITEM,
BT02-028,ヘルム,,https://lh3.googleusercontent.com/d/1iWK9_8yxhu6rFIhyEh4_fPiNKHKxJbVO,BT02,28,青,LEADER,
BT02-029,ネヴェ,,https://lh3.googleusercontent.com/d/12WUxxOHIi2ZYHfGh3n_KQGVGPUS5vjoR,BT02,29,青,UNIT,
BT02-030,キリ,,https://lh3.googleusercontent.com/d/17EvXu71xSI6s6fkyD4DKhKMEtHiiRDHZ,BT02,30,青,UNIT,
BT02-031,エピネル,,https://lh3.googleusercontent.com/d/1-LgfdzbevoAl8j59tscc4JreogPoAHdr,BT02,31,青,UNIT,
BT02-032,ハラン,,https://lh3.googleusercontent.com/d/1TJP49P4ZRdIPg7SR_88ckFuvXTl-w7Pf,BT02,32,青,UNIT,
BT02-033,フォルクヴァン,,https://lh3.googleusercontent.com/d/1eOr0kphUjThHhz9tmbxPoU-4g-k9BAD4,BT02,33,青,UNIT,
BT02-034,アンカー,,https://lh3.googleusercontent.com/d/1FdXCMBrltM-HBGXmkgaiyODqab8nbENZ,BT02,34,青,UNIT,
BT02-035,マスト,,https://lh3.googleusercontent.com/d/1jMgyx_fln9gPmFan-e7MLldt41Io2n-1,BT02,35,青,UNIT,
BT02-036,アリス,,https://lh3.googleusercontent.com/d/1sDL1_coNWlVS6DhFpzO8TIasIqzpPKGv,BT02,36,青,UNIT,TRIGGER
BT02-037,ツバイ,,https://lh3.googleusercontent.com/d/1B4GAL6moSWiri75qFsm4TEoJaoABOUDw,BT02,37,青,UNIT,
BT02-038,ポリ,,https://lh3.googleusercontent.com/d/1oRzMnS12oFYV4CoryrjF-sT_u0c5u6Vm,BT02,38,青,UNIT,
BT02-039,イサベル,,https://lh3.googleusercontent.com/d/1i1iTI5MaMQ5NhkfhCyvMEBnX0V31yokW,BT02,39,青,UNIT,
BT02-040,ペッパー,,https://lh3.googleusercontent.com/d/11_AhPZ_glTotQt-X0x_QOwCXHRSnmL0v,BT02,40,青,UNIT,
BT02-041,ドロシー,,https://lh3.googleusercontent.com/d/1uMp7SAWg7OjukPtc5OBZKSgfwpty36zW,BT02,41,青,UNIT,TRIGGER
BT02-042,ルドミラ,,https://lh3.googleusercontent.com/d/1-q7t3G5Xd1HZHlDkT2kNBWNw4FyixBVK,BT02,42,青,UNIT,TRIGGER
BT02-043,ルマニ,,https://lh3.googleusercontent.com/d/1A690BMVOMd_lTBYEaAA-2iQ4Zo0ZUAJc,BT02,43,青,UNIT,TRIGGER
BT02-044,アイン,,https://lh3.googleusercontent.com/d/1NfbiJBWeF16CCsQ-GiszxnMS4ou20z6I,BT02,44,青,UNIT,
BT02-045,メアリー,,https://lh3.googleusercontent.com/d/1R3nw0w-I2Q4hElkUSkY05iIIVzKHpDtQ,BT02,45,青,UNIT,
BT02-046,ヘルム,,https://lh3.googleusercontent.com/d/14K4uNMlyEoGtJlxMS6QPk-vtBqmH6S4p,BT02,46,青,UNIT,TRIGGER
BT02-047,ポリスライン,,https://lh3.googleusercontent.com/d/1juDwOko4rStkqIT9blX76w5-n1YNA5Hd,BT02,47,青,SKILL,
BT02-048,私たちは友達！,,https://lh3.googleusercontent.com/d/1aXh4BNPrp_8ndqCp6ceQKgbd8Cx4WaQb,BT02,48,青,SKILL,
BT02-049,イージスキャノン牽制射撃,,https://lh3.googleusercontent.com/d/1wpKeg-NCK-ZBrakO7AHEFd_vqgbfJAN3,BT02,49,青,SKILL,
BT02-050,ニンジンとウサギパーティ,,https://lh3.googleusercontent.com/d/1RlJ-_N1inQ2J3RIZIQv0y4mzuuC2YugW,BT02,50,青,SKILL,
BT02-051,海賊の眼差し,,https://lh3.googleusercontent.com/d/1wr5a7XO5qqru8AD8Hk09Nre5qtwuRvMd,BT02,51,青,SKILL,
BT02-052,セラミックベスト,,https://lh3.googleusercontent.com/d/1Txptqqi6u2S0IaX1WJii4c3tnNaCzY0s,BT02,52,青,ITEM,
BT02-053,ガッデシアムジャケット,,https://lh3.googleusercontent.com/d/1JNQ0f5UzxlXxLlTKwcd66uQEWH0R5cwG,BT02,53,青,ITEM,
BT02-054,ノルンコードグローブ,,https://lh3.googleusercontent.com/d/1MLjeme9sv0hiZec7w_-mjBoYZSus42dO,BT02,54,青,ITEM,
BT02-055,クラウン‐ネイキッドキング,レベ６覚醒。装備キャラ＋１５００,https://lh3.googleusercontent.com/d/1_US9MVOuNlx62kBsTQFgvypmOEXF-fZl,BT02,55,黄,LEADER,
BT02-056,トロニー,エグジット。トラッシュのコス１装備回収,https://lh3.googleusercontent.com/d/1seacFzHlES35fxTAcvcmJp5aHjCMfLuP,BT02,56,黄,UNIT,
BT02-057,シュガー,アームド。装備数×＋１５００。３枚でアタッカー１ドロー,https://lh3.googleusercontent.com/d/1uaRF05qToe3Vc_1b-OdAsdPoF9EGXNg5,BT02,57,黄,UNIT,TRIGGER
BT02-058,ミルク,エグジット。ダメから装備１枚を手札と交換。,https://lh3.googleusercontent.com/d/1kwmItQmNlT3GPhBnFL6mM92EPjqH4zdC,BT02,58,黄,UNIT,
BT02-059,エード,エントリー。装備中の自分装備を回収,https://lh3.googleusercontent.com/d/1R_GkwY-WG-mzxmCFt6h2tqasUG12KpyC,BT02,59,黄,UNIT,
BT02-060,エレグ,パッシブ。フィールドのアイテム分＋２０００。全員分でヒット＋１,https://lh3.googleusercontent.com/d/14LgJTM0gUTYHM3TH6dnISITQfv3v-lJ1,BT02,60,黄,UNIT,
BT02-061,ココア,nan,https://lh3.googleusercontent.com/d/1IcI9AxjmvgdQFODW_TvP7EGFSG4MBYoC,BT02,61,黄,UNIT,
BT02-062,プリム,アームド。貫通１,https://lh3.googleusercontent.com/d/1tTA65A9wdWZdfRs6xWDMDJwrtY-_YGSw,BT02,62,黄,UNIT,
BT02-063,レオナ,エントリー。対面ヒット数の装備トラッシュで破壊,https://lh3.googleusercontent.com/d/1R5KuAiq8EWGRWY_xlSq0xgLRkoNmQ--T,BT02,63,黄,UNIT,TRIGGER
BT02-064,ビスケット,nan,https://lh3.googleusercontent.com/d/1Ss4nuIkXuLB8U1-ZfmtupfKF9PJlBtZa,BT02,64,黄,UNIT,
BT02-065,ラプラス,アームドユニーク。＋２５００,https://lh3.googleusercontent.com/d/1lnGo7bLLIfGmojZtGs8TrurYaVFCKrpK,BT02,65,黄,UNIT,
BT02-066,ネロ,アームド。トラッシュ時自身装備回収,https://lh3.googleusercontent.com/d/1JU8278MuMe8MGhqRiXpOOD8wNQd4ig9d,BT02,66,黄,UNIT,
BT02-067,クラウン‐ネイキッドキング,アームドユニーク。装備ｘ個で突破ｘヒットキャラ,https://lh3.googleusercontent.com/d/14VeSW0rFv8s50CXQ3JuYiRCiGDzFEDUS,BT02,67,黄,UNIT,TRIGGER
BT02-068,リター,エントリー。山上２枚からアイテム１枚サーチ,https://lh3.googleusercontent.com/d/1Z0tXYb6tR7qV-nVwlofb3_ZwlXZ9Tm5h,BT02,68,黄,UNIT,
BT02-069,ドレイク,アームド。自身装備１枚トラッシュで生き残る,https://lh3.googleusercontent.com/d/1OZQCOe8YKHWLpfh1Kc64-QCAoDv0TT9H,BT02,69,黄,UNIT,
BT02-070,センチ,nan,https://lh3.googleusercontent.com/d/1U8-MkVf6dSgcqol6eWkFjDCjp2_iSghF,BT02,70,黄,UNIT,
BT02-071,ソーダ,エントリー。トラッシュ３枚を山下で対面破壊,https://lh3.googleusercontent.com/d/1IIBKwasfEsLzXftZKyMHMdXl8wSuZ_7A,BT02,71,黄,UNIT,TRIGGER
BT02-072,マクスウェル,アームド。ヒット＋１,https://lh3.googleusercontent.com/d/10dJ_jiogmbObN8sCW7TNJX4xYfnq31-0,BT02,72,黄,UNIT,
BT02-073,勇気の眼差し,ダメの装備を手札と入れ替え,https://lh3.googleusercontent.com/d/1mQ0q2HNUeKH2dTWm46x-aq-cKtZBigHy,BT02,73,黄,SKILL,
BT02-074,お食事のお時間です、ご主人様,ユニークサーチ,https://lh3.googleusercontent.com/d/1jJJztE2Bz3uf4sjM5q_d-c4d_sdJ8VRV,BT02,74,黄,SKILL,TRIGGER
BT02-075,ビギナーズベネフィット,場のアイテムをデッキ下,https://lh3.googleusercontent.com/d/1tKDzPhXjGlNq8esZGmjn1BvpeAAKdNUe,BT02,75,黄,SKILL,
BT02-076,ロイヤルアタイア,トラッシュから１コスアイテム回収,https://lh3.googleusercontent.com/d/1Sq_R3fJihZ97HJU2ClDdczGgYCq2kxKQ,BT02,76,黄,SKILL,
BT02-077,ネコの恩返し,５枚ルック２枚装備サーチ,https://lh3.googleusercontent.com/d/1GPe3QEMe51Jt043MM9CNKGMnRjCX360z,BT02,77,黄,SKILL,
BT02-078,セラミックゴーグル,nan,https://lh3.googleusercontent.com/d/1mT_-z2FCfsZ9Db8i1d_BWVsaoHPuxL5O,BT02,78,黄,ITEM,
BT02-079,ガッデシアムブーツ,アタッカー＋２０００,https://lh3.googleusercontent.com/d/1CUL6OKJO398ZLK7uZPKxwgF5TbemiQdM,BT02,79,黄,ITEM,
BT02-080,アトラスパターンプロテクター,アームド限定＋３０００,https://lh3.googleusercontent.com/d/1vSoZB8uEvWbyi-pC5J01PimWsGI-fsFL,BT02,80,黄,ITEM,
BT02-081,パターンシリーズ：31ゲイター,装備キャラのヒット数手札捨てて生き残る,https://lh3.googleusercontent.com/d/1rfD9aTLLW-LboFs2mrSXEfmhKL90ZfCc,BT02,81,黄,ITEM,
BT03-001,ラピ：レッドフード,,https://lh3.googleusercontent.com/d/1nMB_l-1ZVbz4mQLI68LsYnFcXw-m4gHR,BT03,1,赤,LEADER,
BT03-002,バイパー‐シャイン・オブ・ラブ,,https://lh3.googleusercontent.com/d/1M7T_DcgBSQg4nBmfG8AmAND9y_1YmKW3,BT03,2,赤,UNIT,
BT03-003,紅蓮：ブラックシャドウ,,https://lh3.googleusercontent.com/d/1nr0QNJvEFBqltcRk5BrEFbcQmOa5OfcS,BT03,3,赤,UNIT,
BT03-004,アニス：スパークリングサマー,,https://lh3.googleusercontent.com/d/1c1W0X3P1tRQ2JSZjgHyjiw8EJ1FfumN-,BT03,4,赤,UNIT,
BT03-005,ラピ‐ホワイトプロミス,,https://lh3.googleusercontent.com/d/1xsG5x2xSdWFQed7jU4M2FwuKayyEmdfV,BT03,5,赤,UNIT,
BT03-006,紅蓮：ブラックシャドウ‐ロンギングフラワー,,https://lh3.googleusercontent.com/d/1HmZb2Koxw1mY763dKOv4ngptwIaLB54T,BT03,6,赤,UNIT,
BT03-007,ベスティー‐アークメイジ,,https://lh3.googleusercontent.com/d/1n4XRBBRwUC6rzhGjQfczT5nU3izIFXfl,BT03,7,赤,UNIT,
BT03-008,ノイズ‐チェリーブロッサム,,https://lh3.googleusercontent.com/d/1oM-Dfmw8FRo76_DELLJeuemb-wCuuMA8,BT03,8,赤,UNIT,
BT03-009,ブレッディ,,https://lh3.googleusercontent.com/d/1AxNcxAO2i-duykTKb3zugbe2AWxQ3n40,BT03,9,赤,UNIT,TRIGGER
BT03-010,クラスト,,https://lh3.googleusercontent.com/d/1sgNhTOyODTNF3hc77o3pXybdsPvJwSG7,BT03,10,赤,UNIT,
BT03-011,ラピ：レッドフード,,https://lh3.googleusercontent.com/d/1O3bOnwsqhlXAg5GanuyZTgt9lMFB7-HG,BT03,11,赤,UNIT,TRIGGER
BT03-012,一緒に花見でもどうか？,,https://lh3.googleusercontent.com/d/1-PqDc0srZDf9vbMu0OqTHEJyd-Q08h7G,BT03,12,赤,SKILL,TRIGGER
BT03-013,ニューフレーバー,,https://lh3.googleusercontent.com/d/1FMqZjsguLbpbACsZwDclcNZV7tzH5O3m,BT03,13,赤,SKILL,
BT03-014,爆発は芸術です。,,https://lh3.googleusercontent.com/d/1zDxMWQkGnXGQped5eDv5Drx-YYBmTc8p,BT03,14,赤,SKILL,
BT03-015,継承される力,,https://lh3.googleusercontent.com/d/15GZ4kFm6_qmmTQOUbsQzbMoy_oa2puoX,BT03,15,赤,SKILL,
BT03-016,チランマターバイザー,,https://lh3.googleusercontent.com/d/1jbWhI7EEl8MvH6wD-8FVEh9t48iVpyjt,BT03,16,赤,ITEM,
BT03-017,チタンマターベスト,,https://lh3.googleusercontent.com/d/1810yM6Zsd_e1PJfBKZY26HjxaKaK2fhA,BT03,17,赤,ITEM,
BT03-018,ナガ‐ラストガールフッド,,https://lh3.googleusercontent.com/d/1Q56EMnhwSI_46lBL8WGWc7FGWJIc1qEa,BT03,18,緑,LEADER,
BT03-019,ルィー：ウィンターショッパー,,https://lh3.googleusercontent.com/d/1x8HVUEMxGfGJM0GnvO2IWFkvsBOcVTW9,BT03,19,緑,UNIT,
BT03-020,トリナ,,https://lh3.googleusercontent.com/d/1Chba_YHc53Na1PhJ41gvk6rAMIurV7ft,BT03,20,緑,UNIT,TRIGGER
BT03-021,ティア,,https://lh3.googleusercontent.com/d/125NWofcco7xdz6ej8kvdPdap422BcxLP,BT03,21,緑,UNIT,
BT03-022,フローラ,,https://lh3.googleusercontent.com/d/1B3LjAVGIS6CrpEQM7Us0-RKjsgKHcn5K,BT03,22,緑,UNIT,
BT03-023,ブリッド―クラシックワーカー,,https://lh3.googleusercontent.com/d/1fdqxRv1VAEqlKw2AWdxcuPBy8yRgJBFm,BT03,23,緑,UNIT,
BT03-024,紅蓮,,https://lh3.googleusercontent.com/d/1_Cw983rl_qDewSYm3TaOP7eZSTu1eX2P,BT03,24,緑,UNIT,
BT03-025,ディーゼル‐ストロベリーフラワー,,https://lh3.googleusercontent.com/d/1A26ukz-Bgp7-d6IqC0yrJfqwqNKuAiKH,BT03,25,緑,UNIT,
BT03-026,ジュリア‐マイルドノクターン,,https://lh3.googleusercontent.com/d/1YjEhf3Jji047oFqYkhKfEE5Gv1y6b-n9,BT03,26,緑,UNIT,
BT03-027,シン‐バックストリートドリーム,,https://lh3.googleusercontent.com/d/13NmC15n0ca8m9gI40bTRtor2IviTOEkm,BT03,27,緑,UNIT,
BT03-028,ナガ‐ラストガールフッド,,https://lh3.googleusercontent.com/d/17hF3yKDIjCzsVsS0ZGAT554iUc07rBYA,BT03,28,緑,UNIT,TRIGGER
BT03-029,BRAND NEY YEAR,,https://lh3.googleusercontent.com/d/1e5KobrgLuc5z4B70DuaZL-o2BuUqrfSp,BT03,29,緑,SKILL,
BT03-030,最適のルート,,https://lh3.googleusercontent.com/d/1cBD0PXP43skfZ5ct0safwyc7tgkBxkT7,BT03,30,緑,SKILL,
BT03-031,祭りの終り,,https://lh3.googleusercontent.com/d/1OXwvsawl-5igBpj0w5LSWBRCliuQjD32,BT03,31,緑,SKILL,
BT03-032,秘密の花園,,https://lh3.googleusercontent.com/d/1OvQx-8F-41Qnuhxu3ydEPVMxQuAxVb0X,BT03,32,緑,SKILL,TRIGGER
BT03-033,レアメタルジャケット,,https://lh3.googleusercontent.com/d/1tGNEt3WmHsZaIHFTMVZKDYGdyH5BFfc-,BT03,33,緑,ITEM,
BT03-034,レアメタルゴーグル,,https://lh3.googleusercontent.com/d/1FIyii7rbJi8HqdGsxWRGhOb8yWYlrDua,BT03,34,緑,ITEM,
BT03-035,リトルマーメイド‐アビスフラワー,,https://lh3.googleusercontent.com/d/1TnTuRdDaw4Vmsgvp7j3pD-V21Lf72Ewx,BT03,35,紫,LEADER,
BT03-036,ロザンナ：シックオーシャン,,https://lh3.googleusercontent.com/d/1KN3j6RL_H-yKyTQPBqGkZwYxCw5qNTQr,BT03,36,紫,UNIT,
BT03-037,ニヒリスター,,https://lh3.googleusercontent.com/d/1ZbIAChn_lnIM-1T2oXSRKSqgK5Y0d3-X,BT03,37,紫,UNIT,
BT03-038,モダニア‐ファースト・アフェクション,,https://lh3.googleusercontent.com/d/1TUREl6oB7MJr5DpFiIDwUCuJMfO2CoBc,BT03,38,紫,UNIT,
BT03-039,シンデレラ‐ガラスのプリンセス,,https://lh3.googleusercontent.com/d/1LL3HVJSggZEWSIkdxqwq417prq3_INFV,BT03,39,紫,UNIT,
BT03-040,サクラ‐黒夜秘行,,https://lh3.googleusercontent.com/d/1giecbcYE_JRWkBRgQ01_GYWVXDWL8-ni,BT03,40,紫,UNIT,
BT03-041,ミハラ：ボンティングチェーン,,https://lh3.googleusercontent.com/d/1Q3Np1eRAd5155OVLQa7UWDFoB7vv-cY_,BT03,41,紫,UNIT,TRIGGER
BT03-042,マナ,,https://lh3.googleusercontent.com/d/18jFGNS4y0-RUXYFmVApNPqEDQ3oBKasH,BT03,42,紫,UNIT,
BT03-043,メイデン‐アンダー・ザ・サン,,https://lh3.googleusercontent.com/d/10Z0dcqj_NzD-KHjv4hvEDpvFigSdatLq,BT03,43,紫,UNIT,
BT03-044,リトルマーメイド‐アビスフラワー,,https://lh3.googleusercontent.com/d/18Rg1kX23qv_ZX6KstZzR-Dx8DdIxulMN,BT03,44,紫,UNIT,TRIGGER
BT03-045,D:キラーワイフ‐シークレットパーティークリーナー,,https://lh3.googleusercontent.com/d/1s0f067ZgxhnQq6doQymOlvKGUHgkk3yH,BT03,45,紫,UNIT,
BT03-046,KILL THE LORD,,https://lh3.googleusercontent.com/d/1a4QdcCni9N4SZhGt7nihtVtYXtWEjemi,BT03,46,紫,SKILL,
BT03-047,M.M.R.研究所,,https://lh3.googleusercontent.com/d/1Ufd5ttDDTqagLRGkWzIIveom1lWvEnBt,BT03,47,紫,SKILL,
BT03-048,軌道エレベーター,,https://lh3.googleusercontent.com/d/1J4h7-m9hxiyBLxA5Y6KnAoIjiZLuq2hb,BT03,48,紫,SKILL,TRIGGER
BT03-049,ボンディングペイント,,https://lh3.googleusercontent.com/d/18NeWNOk6Ze5p1zNWfzEp7NFWITd1fC5X,BT03,49,紫,SKILL,
BT03-050,ガッデシアムベスト,,https://lh3.googleusercontent.com/d/13NnZepvNyoeZoEd9r7up7vMNSZ4E0IaR,BT03,50,紫,ITEM,
BT03-051,ガッデシアムアームガード,,https://lh3.googleusercontent.com/d/1j5AsV8m66zL84BG3r2h0HbdAIfl8eTSK,BT03,51,紫,ITEM,
BT03-052,マスト：ロマンチックメイド,,https://lh3.googleusercontent.com/d/1-bW7JolQG4W7zwGQkOkrBUqPyL4X35Hm,BT03,52,青,LEADER,
BT03-053,ルドミラ：ウィンターオーナー,,https://lh3.googleusercontent.com/d/1tgv65YH-orQXFUp2fqaorNFQTbUd_ion,BT03,53,青,UNIT,
BT03-054,アリス：ワンダーランドバニー,,https://lh3.googleusercontent.com/d/1Q04HRQyhRxdyM8fOSPcnluSuTyShUibG,BT03,54,青,UNIT,
BT03-055,メアリー：ベイゴッデス,,https://lh3.googleusercontent.com/d/1ga7ykumkFdajllM3jyR8nGb-RF_52772,BT03,55,青,UNIT,
BT03-056,ハラン‐バンケット・ウィッチ,,https://lh3.googleusercontent.com/d/1exCF89xQltpKYj7o3dtsDy-RcB1B7QQg,BT03,56,青,UNIT,
BT03-057,フォルクヴァン‐モイストラビット,,https://lh3.googleusercontent.com/d/1WWI9sze7hLZcxtnJYY1DfoFcqDglBAVq,BT03,57,青,UNIT,TRIGGER
BT03-058,ペッパー‐オーシャンビタミン,,https://lh3.googleusercontent.com/d/1-O8RIGNQ50VoitJKzEuLkXaXt1ElyAlY,BT03,58,青,UNIT,
BT03-059,アンカー：イノセントメイド,,https://lh3.googleusercontent.com/d/1mY7pDde0kKbnGiGJSjNcRDqk-1EhmTq-,BT03,59,青,UNIT,
BT03-060,ヘルム‐アフターシャワー,,https://lh3.googleusercontent.com/d/12YCzPX5_E1GYIxdyM3xWTeHHzmr69npG,BT03,60,青,UNIT,
BT03-061,マスト：ロマンチックメイド,,https://lh3.googleusercontent.com/d/1wkKP-b0s4ye_F4z1Smru3MdWU7Sf0G5T,BT03,61,青,UNIT,TRIGGER
BT03-062,メアリー‐メディカルラビット,,https://lh3.googleusercontent.com/d/1D-ljbijQ9QD5FnNl_nGGEHY4Xn3PgS2l,BT03,62,青,UNIT,
BT03-063,もう一度！,,https://lh3.googleusercontent.com/d/1NkxriS9g1Bhanodf_JJIxtXtsxjNJp9l,BT03,63,青,SKILL,
BT03-064,ROMANTIC VALENTINE,,https://lh3.googleusercontent.com/d/11hQOqD9Sp9d7PkZebdXNY_zlliMGJwYO,BT03,64,青,SKILL,TRIGGER
BT03-065,温かいお風呂,,https://lh3.googleusercontent.com/d/1yK3nqJhAYaTQfZGx5H0fB9FDFA3-aUUQ,BT03,65,青,SKILL,
BT03-066,BLUEWATER ISLAND,,https://lh3.googleusercontent.com/d/1GKsAh4h_JUX9yAjnJ9WUOh82faPNYBoG,BT03,66,青,SKILL,
BT03-067,ガッデシアムガントレット,,https://lh3.googleusercontent.com/d/1eXru2xKUgL0matp71Sv5VwJ6Ib-rtURY,BT03,67,青,ITEM,
BT03-068,ガッデシアムゴーグル,,https://lh3.googleusercontent.com/d/1pA_1tfINQ8-XwAwhJLRQVsUNr9YDmc_T,BT03,68,青,ITEM,
BT03-069,レヴィアタン,,https://lh3.googleusercontent.com/d/1DtYsUJjhX0sk2FK22EV3z81KxRkUtXWa,BT03,69,黄,LEADER,
BT03-070,プロバティ：アンカインド・メイド,,https://lh3.googleusercontent.com/d/1rkF3mzrvVKBgepMDwhj2jpgJdpK2uo-7,BT03,70,黄,UNIT,
BT03-071,ドレイク‐メイド・フォー・ヴィラン,,https://lh3.googleusercontent.com/d/1RO0Z7U1QSFGrqyun66jHQFeAkcdaUJ_1,BT03,71,黄,UNIT,
BT03-072,クラウン,,https://lh3.googleusercontent.com/d/1aQDs3jjl1XvoU9chKmOiRDKsFsx7F4K7,BT03,72,黄,UNIT,
BT03-073,ソーダ：トゥインクルバニー,,https://lh3.googleusercontent.com/d/1PfE4btZ_NwyXGzyFRV3996zGz31o-Zmw,BT03,73,黄,UNIT,TRIGGER
BT03-074,トロニー‐スイートステップ,,https://lh3.googleusercontent.com/d/1zWhRC86p6ifc1nYvo2kSOBKzRubO_Txo,BT03,74,黄,UNIT,
BT03-075,シュエン,,https://lh3.googleusercontent.com/d/1NipPWFuUzOW1vbu0_fgG3oPtTM6Ou-zs,BT03,75,黄,UNIT,
BT03-076,レオナ‐ズーキーパー,,https://lh3.googleusercontent.com/d/1Zg7P0tpsZFf_Zcf9nuTIDr-h5EIuWwox,BT03,76,黄,UNIT,
BT03-077,レヴィアタン,,https://lh3.googleusercontent.com/d/1hCSfE8lEvqQun0IYYyfTVkYk4YW3CK6A,BT03,77,黄,UNIT,TRIGGER
BT03-078,シュガー‐ワイルドバックヤード,,https://lh3.googleusercontent.com/d/12MzJDb_LaJiZhLMxMrCgvy0y3MyVAoM2,BT03,78,黄,UNIT,
BT03-079,ベヒモス,,https://lh3.googleusercontent.com/d/1nCvK5cbCUk0zw4d9FnIiy2vURpfZLb93,BT03,79,黄,UNIT,
BT03-080,死んだらダメ。,,https://lh3.googleusercontent.com/d/1NV5puJ5hgly4eh9AKslMuMsjKn3bNznY,BT03,80,黄,SKILL,
BT03-081,巨大なアーム,,https://lh3.googleusercontent.com/d/1_01CgZFBNZZPOwVHikxe5ZwwOTyN_D_r,BT03,81,黄,SKILL,TRIGGER
BT03-082,早く来なさいよ!!!!!,,https://lh3.googleusercontent.com/d/1uAOeaZ7CdN9Z-w0iF5DBCdky5yr_P6gn,BT03,82,黄,SKILL,
BT03-083,コードナンバー：IXゴーグル,,https://lh3.googleusercontent.com/d/13L6DE_hLLDc8YB0MuViOjtwi9sz8NLbK,BT03,83,黄,ITEM,
BT03-084,コードナンバー：IXシューズ,,https://lh3.googleusercontent.com/d/10lPp2CTcZz2RI7kvTAag_8clzoAlzfdF,BT03,84,黄,ITEM,
BT03-085,コードナンバー：IXジャケット,,https://lh3.googleusercontent.com/d/1ZcAcFE0iDAUWUBT1UWmS6PGDUFC8Cw-i,BT03,85,黄,ITEM,
ST01-001,ラピ,,https://lh3.googleusercontent.com/d/109OK-vHzrqr3FGg9MNPMNWzCPbVcY-fw,ST01,1,赤,LEADER,
ST01-002,ネオン,,https://lh3.googleusercontent.com/d/19ldSB0spAtxlYNuwnXxyD3u0jvrGHebs,ST01,2,赤,UNIT,
ST01-003,ベスティ,,https://lh3.googleusercontent.com/d/1uPMSkyymSo6SfjQTJZ5A10D3h0whanUh,ST01,3,赤,UNIT,
ST01-004,ウンファ,,https://lh3.googleusercontent.com/d/1QPuoShaCChkA7N3zvCGj5TI65g2LMNKp,ST01,4,赤,UNIT,
ST01-005,ノイズ,,https://lh3.googleusercontent.com/d/1R6KjGgmzyv2meawKPq43ACWCoxLUy6m8,ST01,5,赤,UNIT,
ST01-006,ノワール,,https://lh3.googleusercontent.com/d/1TpN7NvNtRClJb3dH1MFcRPFaeZtc1tBZ,ST01,6,赤,UNIT,
ST01-007,バイパー,,https://lh3.googleusercontent.com/d/1FLjkdxPQo-iWViLmW1NB9JVV3aeahiQO,ST01,7,赤,UNIT,
ST01-008,ブラン,,https://lh3.googleusercontent.com/d/1OAn4qXblqHm7wtcNnGjwinV9jroT7RIF,ST01,8,赤,UNIT,
ST01-009,エマ,,https://lh3.googleusercontent.com/d/1lzpOGksdbDUFPz6IWCLl50MYyAXn_S0F,ST01,9,赤,UNIT,
ST01-010,アニス,,https://lh3.googleusercontent.com/d/1xT-BDv2ePpvPiXryMIIfjTKY6xHhU7Kx,ST01,10,赤,UNIT,TRIGGER
ST01-011,ラピ,,https://lh3.googleusercontent.com/d/1UQUqaa9I58yg_wRvVkA9vkU2RQuye0hM,ST01,11,赤,UNIT,TRIGGER
ST01-012,弱点の見極め,,https://lh3.googleusercontent.com/d/1osGMl1qIEtGCISTZK-HX6KVeY4i3rv73,ST01,12,赤,SKILL,
ST01-013,戦力補強,,https://lh3.googleusercontent.com/d/13b2_0q7MeWau2M5_dG5FGgsEvWIVg10V,ST01,13,赤,SKILL,TRIGGER
ST01-014,火力が全て！,,https://lh3.googleusercontent.com/d/1PlvOvwCdeAlTaewAGeIxiABh-dddZIeu,ST01,14,赤,SKILL,
ST01-015,ミサイル,,https://lh3.googleusercontent.com/d/16S-kz60ucHVNUVahdqGB_BXfFJazOjWt,ST01,15,赤,SKILL,TRIGGER
ST01-016,レアメタルブーツ,,https://lh3.googleusercontent.com/d/1rAX74kZ9snm4jPDd-bdlmzZ5pA6kZzyh,ST01,16,赤,ITEM,
ST01-017,ケブラーグローブ,,https://lh3.googleusercontent.com/d/15Aq_XJBa2GHNlr3oCxgptyZZIv-JWBdL,ST01,17,赤,ITEM,
ST02-001,ギルティ,,https://lh3.googleusercontent.com/d/1-SemPN56_vsxHkmGMyllaNP8xONRGTzO,ST02,1,緑,LEADER,
ST02-002,N102,,https://lh3.googleusercontent.com/d/1Wh0WDt__FMd_eU6KOD8gDk4e82rVYdTC,ST02,2,緑,UNIT,
ST02-003,ミカ,,https://lh3.googleusercontent.com/d/1pmWQzxKCzWrwElOHOL8XCE-Ca3P2x055,ST02,3,緑,UNIT,
ST02-004,ジュリア,,https://lh3.googleusercontent.com/d/1QZFHQhT_LErInuwWOA29cQ3m8XxPUroC,ST02,4,緑,UNIT,
ST02-005,ヤン,,https://lh3.googleusercontent.com/d/1puKMTdKsOApRHyFaIxSB8ViadmeafGXd,ST02,5,緑,UNIT,
ST02-006,ドラー,,https://lh3.googleusercontent.com/d/1P3nVh2WeEV596bfmOcbDRW1zDq1Xd4_1,ST02,6,緑,UNIT,
ST02-007,ブリッド,,https://lh3.googleusercontent.com/d/1tuYmKSn6OSlHa8ZmHnU_g6_bZvW04YNs,ST02,7,緑,UNIT,
ST02-008,マルチャーナ,,https://lh3.googleusercontent.com/d/1ZelTffsP857hjZn1j780VnBtMNpeRNp5,ST02,8,緑,UNIT,
ST02-009,ギルティ,,https://lh3.googleusercontent.com/d/1R6h_yR0X9pCYjkK-tYVRGNU3DTXLk563,ST02,9,緑,UNIT,TRIGGER
ST02-010,スノーホワイト,,https://lh3.googleusercontent.com/d/1ZTZZ2veYFR3JuLAbokpGgQFq53bkyKIf,ST02,10,緑,UNIT,TRIGGER
ST02-011,ディーゼル,,https://lh3.googleusercontent.com/d/1ucl20q0De8rryR8zq12qezWj7HrX4Nb5,ST02,11,緑,UNIT,
ST02-012,クレシェンド,,https://lh3.googleusercontent.com/d/13Aa5WHzJu3edJM8qQaWRrXwroksEf87u,ST02,12,緑,SKILL,
ST02-013,わが師の恩,,https://lh3.googleusercontent.com/d/18j7RiW2jAUVHN5bqkaYPStz9E2mpAGp5,ST02,13,緑,SKILL,
ST02-014,プライズ,,https://lh3.googleusercontent.com/d/1oEdkqIkNTmcU16Eb-Y6vGiaaDQeLsnOG,ST02,14,緑,SKILL,
ST02-015,アクセラレーション,,https://lh3.googleusercontent.com/d/10lp57akusOHwlyxhr_jK7wdnSUTIH0yK,ST02,15,緑,SKILL,TRIGGER
ST02-016,ケブラーグローブプロテクター,,https://lh3.googleusercontent.com/d/1zEA6ophWb8fhrH7RkEHTAMVCYkFGV4b5,ST02,16,緑,ITEM,
ST02-017,レアメタルヘルメット,,https://lh3.googleusercontent.com/d/1jTpswzu9lP9rZNsQPBjGgesLVRCeMigY,ST02,17,緑,ITEM,
ST03-001,モダニア,,https://lh3.googleusercontent.com/d/1BAFNgExZcST6tr_DlqsUbFQfFJs8yIFn,ST03,1,紫,LEADER,
ST03-002,デルタ,,https://lh3.googleusercontent.com/d/16-FOJxvIJKJ4VbH7AVPEwtk0jo6XTuHb,ST03,2,紫,UNIT,
ST03-003,プリバティ,,https://lh3.googleusercontent.com/d/1iV2Iz7-3NGWGyCajtIeOddfhemjVHtH8,ST03,3,紫,UNIT,TRIGGER
ST03-004,ユニ,,https://lh3.googleusercontent.com/d/1OL_DY9iMmdV4D9IOtHtbBVdGr3BPsxCJ,ST03,4,紫,UNIT,
ST03-005,ノベル,,https://lh3.googleusercontent.com/d/1ttWrYhvNBPbe27aaa1AjqtYgcDbQJU27,ST03,5,紫,UNIT,
ST03-006,サクラ,,https://lh3.googleusercontent.com/d/1L_GB3NsedZJdVbWvvdtEmDtuzhxy7ZyY,ST03,6,紫,UNIT,
ST03-007,D,,https://lh3.googleusercontent.com/d/1fj7p9Co2gNpUwW8BucERMeyJU_IuhdBo,ST03,7,紫,UNIT,
ST03-008,エクシア,,https://lh3.googleusercontent.com/d/1DpALPnChJBHnqt2gbA1a8vha4Ek6oQ_F,ST03,8,紫,UNIT,
ST03-009,メイデン,,https://lh3.googleusercontent.com/d/1J7rSJCT41AioaY6_Zeniyo4k9CCl9iSA,ST03,9,紫,UNIT,
ST03-010,ロザンナ,,https://lh3.googleusercontent.com/d/13-rNL1VSyvjaPFFWHM5MYh-XehRI9Lmi,ST03,10,紫,UNIT,TRIGGER
ST03-011,モダニア,,https://lh3.googleusercontent.com/d/1D_JwEzfvV6InOccZ-e1H1XdOd4fMp5Ig,ST03,11,紫,UNIT,TRIGGER
ST03-012,奇襲,,https://lh3.googleusercontent.com/d/12L6dj6gvb6ujb0T5h8ReXHNfd5nep7AI,ST03,12,紫,SKILL,
ST03-013,黒化,,https://lh3.googleusercontent.com/d/1ZiTqUuknV7zkJULwz6gpRCTlvx9cCYrB,ST03,13,紫,SKILL,
ST03-014,センスシェアリング,,https://lh3.googleusercontent.com/d/1WqcHapVLXlcbVJk528wlea2oHC9NRLjM,ST03,14,紫,SKILL,
ST03-015,かかって来い！,,https://lh3.googleusercontent.com/d/1PnYCvrIoEMWEhJ8YlPEQGFRojerQb-2b,ST03,15,紫,SKILL,TRIGGER
ST03-016,ケブラーベスト,,https://lh3.googleusercontent.com/d/1UY80od0v0YKvCThh3T05fN3_wdhSdmo9,ST03,16,紫,ITEM,
ST03-017,レアメタルアームガード,,https://lh3.googleusercontent.com/d/1c4pDG6dU7AdL5PubPERdYxUagcjtbgwT,ST03,17,紫,ITEM,
ST04-001,ドロシー,,https://lh3.googleusercontent.com/d/1tUcj9o-PwfPjdtZTn0MFMq-hCEUN8q03,ST04,1,青,LEADER,
ST04-002,I-DOLL・フラワー,,https://lh3.googleusercontent.com/d/16Hg_knq4dLzc_LrMxmhE_DIgGda8t4s_,ST04,2,青,UNIT,
ST04-003,マリアン,,https://lh3.googleusercontent.com/d/1VSYx7ahKI-Ap0P-dmqR0m8gO9opDHefT,ST04,3,青,UNIT,
ST04-004,ライ,,https://lh3.googleusercontent.com/d/106TaCwgpUsSSyqiBTxsdIO8J-rQkWt2V,ST04,4,青,UNIT,
ST04-005,メアリー,,https://lh3.googleusercontent.com/d/17vtrzzet899JMS5qqRfqoPD_kwxVGfb2,ST04,5,青,UNIT,
ST04-006,ノア,,https://lh3.googleusercontent.com/d/1todcv5zAMKarkCm9KjlTy03Sgmdb9dkz,ST04,6,青,UNIT,
ST04-007,アリス,,https://lh3.googleusercontent.com/d/1FQXPVceqq7RLezEVW_KBaxtJGJCXCYFS,ST04,7,青,UNIT,TRIGGER
ST04-008,ルドミラ,,https://lh3.googleusercontent.com/d/1pFmjV7Eqz3lYgKLQc3ej_lBIhpWr3Lh3,ST04,8,青,UNIT,
ST04-009,マスト,,https://lh3.googleusercontent.com/d/1HLlKj5NnhaFlbq2AVKgVYpi_9ijksH3H,ST04,9,青,UNIT,
ST04-010,ヘルム,,https://lh3.googleusercontent.com/d/1T8NUbC3vpoj7zPvSN7HPYN-QkoEchns-,ST04,10,青,UNIT,
ST04-011,ドロシー,,https://lh3.googleusercontent.com/d/1E8dxwwebsOKhICQYfxJFy_oSKiN_O5-I,ST04,11,青,UNIT,
ST04-012,先輩の応援,,https://lh3.googleusercontent.com/d/11AxuWqCdqpoYendJT1dTv3PQTCGkIOME,ST04,12,青,SKILL,
ST04-013,ムカつくでしょう？,,https://lh3.googleusercontent.com/d/1AubfQNeyL-wP40JP2kzDz7nk2Oqvwahb,ST04,13,青,SKILL,TRIGGER
ST04-014,ナーシング,,https://lh3.googleusercontent.com/d/1DN3TPMUnjgyOa_RE6PeExcbekzbGBpFm,ST04,14,青,SKILL,
ST04-015,失楽園,,https://lh3.googleusercontent.com/d/10iizeD877fYuRvIIjBi8jkSLJxKX6yYV,ST04,15,青,SKILL,TRIGGER
ST04-016,ケブラージャケット,,https://lh3.googleusercontent.com/d/1ac35XFp3cFrd2swnSMw1oa29vf5N4m9Y,ST04,16,青,ITEM,
ST04-017,レアメタルグローブ,,https://lh3.googleusercontent.com/d/1cr0Nf_8tZw-fA4RxJg-g2B_CmBqdVKWk,ST04,17,青,ITEM,TRIGGER
ST05-001,プリバティ,れべ５覚醒。アームド＋１０００,https://lh3.googleusercontent.com/d/1Ba3XWqYIQvEaXnUhQoObhUQBUOmEql2M,ST05,1,黄,LEADER,
ST05-002,プロダクト08,nan,https://lh3.googleusercontent.com/d/1ZVpRbsFvscB2AhPo_1I_oNpzij8B_wQm,ST05,2,黄,UNIT,
ST05-003,シュガー,１ｄ１ｄ,https://lh3.googleusercontent.com/d/17guFoZ-C6v6dYq7rHb-Yk1Ca3gsVnj_n,ST05,3,黄,UNIT,
ST05-004,プリム,nan,https://lh3.googleusercontent.com/d/11sqHhKzR9x4n1vz38wz_Jd5y58BM5fOJ,ST05,4,黄,UNIT,
ST05-005,マクスウェル,アームド＋１０００,https://lh3.googleusercontent.com/d/1n3O1ZCQcxK8Hnw_astGINY1gBSThJcOc,ST05,5,黄,UNIT,
ST05-006,クラウン,エントリー。コス２アイテムサーチ,https://lh3.googleusercontent.com/d/1fIiGJr4fDPwUouRhYkX4fFCx8upecdlB,ST05,6,黄,UNIT,TRIGGER
ST05-007,ソーダ,アームド。装備アイテム×＋１０００,https://lh3.googleusercontent.com/d/1EFBdA1YMHkCG9Zm2J9z7T58TUTNAqqoO,ST05,7,黄,UNIT,
ST05-008,リター,パッシブ。アームドキャラ＋１０００,https://lh3.googleusercontent.com/d/1md54UhyHaKZkQA6sD6IVkPaWaZdR9FPT,ST05,8,黄,UNIT,
ST05-009,ドレイク,nan,https://lh3.googleusercontent.com/d/1_Ydv4UlaF2_8dmzJaERmhytr-2NDViXF,ST05,9,黄,UNIT,
ST05-010,センチ,アームド。＋２０００,https://lh3.googleusercontent.com/d/1npbZXmba97CAXJHMMwAGrO9yOVJGdQTz,ST05,10,黄,UNIT,
ST05-011,プリバティ,アームド。アタッカー１枚ハンデス,https://lh3.googleusercontent.com/d/1f200Gry3K33qOO20daxsYGi8W4Eh-3qC,ST05,11,黄,UNIT,TRIGGER
ST05-012,現場検討,トラッシュからアイテム回収,https://lh3.googleusercontent.com/d/1m9U-8WpinDDm72Ik2wL3T-o5W-GpFgbC,ST05,12,黄,SKILL,TRIGGER
ST05-013,リターブースト,コス１以上アイテム分ドロー,https://lh3.googleusercontent.com/d/1wODcvBWBu3fPlHrMHioIZ9JSLy9l8jxi,ST05,13,黄,SKILL,
ST05-014,ワンフォーオール,２枚装備キャラと対面キャラ破壊,https://lh3.googleusercontent.com/d/1fqvTneMTAG7FAHT_e_TnVsozKxvEYuHb,ST05,14,黄,SKILL,TRIGGER
ST05-015,ケプラーゲイター,1500,https://lh3.googleusercontent.com/d/1fgAB93uguA0twIf7vOx_onOGIZhorbI4,ST05,15,黄,ITEM,
ST05-016,レアメタルガントレット,アームドキャラヒット＋１,https://lh3.googleusercontent.com/d/1NaFapnj97_VGYpu0tH9gZE4tL9hrAiV4,ST05,16,黄,ITEM,
ST05-017,レアメタルゲイター,2500,https://lh3.googleusercontent.com/d/1Fb1TC5MyqXIEfjBCgQfsYKwi3uevD2Da,ST05,17,黄,ITEM,
